{
    "configs": {
        "n_epochs": 30,
        "path_model": "./model_CustomCNN_eeg_1.pt",
        "learning_rate": [
            0.0002,
            0.00063,
            0.00106,
            0.00149,
            0.00192,
            0.0019144017490824135,
            0.0018976726307031327,
            0.0018700087784795764,
            0.0018317345257857641,
            0.0017832986032400478,
            0.00172526887774889,
            0.00165832569478659,
            0.0015832539019666454,
            0.0015009336474210754,
            0.0014123300608682996,
            0.0013184819383496185,
            0.0012204895632954057,
            0.0011195018067078903,
            0.0010167026576990738,
            0.0009132973423009265,
            0.0008104981932921097,
            0.0007095104367045941,
            0.000611518061650382,
            0.0005176699391317006,
            0.00042906635257892496,
            0.0003467460980333547,
            0.0002716743052134104,
            0.00020473112225111043,
            0.00014670139675995223,
            9.826547421423595e-05
        ],
        "label_smoothing": 0.01
    },
    "track_loss": [
        1.2563292215938218,
        1.0143645237559922,
        0.8647948870385839,
        0.764153892886663,
        0.6933005804420737,
        0.6347655243790711,
        0.5848695678457404,
        0.5482837026957842,
        0.5135913855093388,
        0.4947383772498016,
        0.4730605993168486,
        0.44907779769175865,
        0.43010188099796787,
        0.4147557554983654,
        0.40416896590060253,
        0.38762368094214145,
        0.3758269560605227,
        0.36307165928657315,
        0.35186734795570374,
        0.34205495668213304,
        0.32710779145938973,
        0.32200508813063305,
        0.3162488196281324,
        0.3053721907436238,
        0.29800975057610707,
        0.2908206970291879,
        0.28421836125460626,
        0.2804174697777001,
        0.2826414858819517,
        0.2794854396874188
    ],
    "track_loss_val": [
        1.125775637356102,
        0.8839611474503862,
        0.7473497847293286,
        0.6554761488809653,
        0.5933036694289945,
        0.5321750328050437,
        0.51263013651185,
        0.49540698549426193,
        0.46266493645120177,
        0.43668937704241867,
        0.4367422799692086,
        0.3962843802803797,
        0.4060368117288495,
        0.38811557269688196,
        0.3606438048131077,
        0.3579925762634751,
        0.36985842090971927,
        0.3467550910745107,
        0.3403555633539849,
        0.3378045930930063,
        0.3291718486353015,
        0.3217121071003853,
        0.3135152335496659,
        0.31690433272655977,
        0.30305033753104244,
        0.29964864063770213,
        0.29668037561660116,
        0.29493352178986193,
        0.29111234642935135,
        0.2924069344786042
    ],
    "test_loss": 0.30501333134514946,
    "test_loss_baseline": 3.2427718673433574,
    "confusion_matrix": [
        [
            124,
            12,
            25,
            8,
            4,
            48
        ],
        [
            7,
            722,
            32,
            27,
            9,
            68
        ],
        [
            6,
            20,
            972,
            1,
            36,
            34
        ],
        [
            1,
            49,
            3,
            573,
            5,
            48
        ],
        [
            0,
            4,
            13,
            5,
            473,
            52
        ],
        [
            6,
            68,
            46,
            34,
            37,
            908
        ]
    ],
    "note": "#votes>=5, data not augmented"
}