{
    "configs": {
        "n_epochs": 30,
        "path_model": "./model_CustomCNN_eeg_1.pt",
        "learning_rate": [
            0.0002,
            0.00063,
            0.00106,
            0.00149,
            0.00192,
            0.0019144017490824135,
            0.0018976726307031327,
            0.0018700087784795764,
            0.0018317345257857641,
            0.0017832986032400478,
            0.00172526887774889,
            0.00165832569478659,
            0.0015832539019666454,
            0.0015009336474210754,
            0.0014123300608682996,
            0.0013184819383496185,
            0.0012204895632954057,
            0.0011195018067078903,
            0.0010167026576990738,
            0.0009132973423009265,
            0.0008104981932921097,
            0.0007095104367045941,
            0.000611518061650382,
            0.0005176699391317006,
            0.00042906635257892496,
            0.0003467460980333547,
            0.0002716743052134104,
            0.00020473112225111043,
            0.00014670139675995223,
            9.826547421423595e-05
        ],
        "label_smoothing": 0.01
    },
    "track_loss": [
        1.2371147161672924,
        0.9831925790664579,
        0.833180091289942,
        0.7406507381969247,
        0.6670167478155499,
        0.5937549698451334,
        0.5480076253167854,
        0.5091164993845727,
        0.47892804930279076,
        0.44977380698623737,
        0.4303296623089589,
        0.4035083894764096,
        0.3827718824209753,
        0.368689143214344,
        0.3573511590457652,
        0.34210599595603863,
        0.32844515748260433,
        0.3204750523340604,
        0.30715165484296386,
        0.2966672472101598,
        0.29092429091861427,
        0.28137354195610553,
        0.27066884386884277,
        0.26579196443242475,
        0.25786275729105984,
        0.2507723682398392,
        0.24684434297902524,
        0.2470687161361383,
        0.23948761265078358,
        0.2375627779825167
    ],
    "track_loss_val": [
        1.100276103673073,
        0.8710675199444478,
        0.7328686227019017,
        0.6546711648026338,
        0.5847246254292818,
        0.5299973804503679,
        0.4886758088205869,
        0.4546096515483581,
        0.4125516089395835,
        0.3985489329609733,
        0.3632449455415973,
        0.3578222178352567,
        0.362315282297249,
        0.3471558334735724,
        0.31531319652612394,
        0.3264746842905879,
        0.301266831990618,
        0.2879698805224437,
        0.28296307058861625,
        0.29319902867651904,
        0.26400352727908355,
        0.2568331715435936,
        0.2554011786213288,
        0.2464593660372954,
        0.24216796192698753,
        0.23836834606929466,
        0.23936998185056907,
        0.23538896835480744,
        0.23929598898841783,
        0.2301719502474253
    ],
    "test_loss": 1.7509507223411842,
    "test_loss_baseline": 1.6719807792592931,
    "confusion_matrix": [
        [
            120,
            23,
            104,
            12,
            19,
            138
        ],
        [
            33,
            398,
            300,
            95,
            162,
            954
        ],
        [
            26,
            128,
            691,
            23,
            41,
            647
        ],
        [
            5,
            74,
            93,
            71,
            115,
            761
        ],
        [
            30,
            51,
            202,
            53,
            123,
            736
        ],
        [
            19,
            145,
            235,
            42,
            98,
            1834
        ]
    ],
    "note": "#votes>=5, data augmented"
}