{
    "configs": {
        "n_epochs": 15,
        "path_model": "./model_CustomCNN_0.pt",
        "learning_rate": [
            0.0002,
            0.00063,
            0.00106,
            0.00149,
            0.00192,
            0.0018960561561336415,
            0.0018254252688468101,
            0.0017116490657569686,
            0.0015604327607750905,
            0.001379358970857268,
            0.0011775074919282802,
            0.000965,
            0.0007524925080717198,
            0.0005506410291427321,
            0.00036956723922490953
        ],
        "label_smoothing": 0.01
    },
    "track_loss": [
        1.4240222256364024,
        1.3363185582838664,
        1.1324054249324256,
        1.0123345683726857,
        0.9090633541421778,
        0.82082569989012,
        0.7480433355409324,
        0.6776731944260147,
        0.6249987911206817,
        0.5742040754406349,
        0.5384706986043412,
        0.49760427727870615,
        0.4727552386494982,
        0.44822609385357437,
        0.4350022488066085
    ],
    "track_loss_val": [
        1.4078573288646996,
        1.1771982601771118,
        0.9711388235660732,
        0.9019556283977226,
        0.8567758813989184,
        0.8234938292744312,
        0.7954173342635235,
        0.7687253093360163,
        0.7604059665695044,
        0.7471916409050847,
        0.7525660264642632,
        0.7492397077322165,
        0.7583595694402722,
        0.762188196423338,
        0.7485835317205242
    ],
    "test_loss": 0.7253303815610707,
    "test_loss_baseline": 1.775139040180615,
    "confusion_matrix": [
        [
            86,
            31,
            47,
            5,
            7,
            48
        ],
        [
            3,
            569,
            108,
            59,
            9,
            131
        ],
        [
            0,
            19,
            1039,
            0,
            22,
            23
        ],
        [
            0,
            118,
            0,
            350,
            47,
            62
        ],
        [
            2,
            17,
            76,
            13,
            351,
            100
        ],
        [
            15,
            185,
            159,
            33,
            155,
            591
        ]
    ],
    "note": "#votes>=5, data not augmented"
}