{"configs": {"n_epochs": 30, "path_model": "./model_CustomCNN_eeg_2.pt", "learning_rate": [0.0002, 0.00063, 0.00106, 0.00149, 0.00192, 0.0019144017490824135, 0.0018976726307031327, 0.0018700087784795764, 0.0018317345257857641, 0.0017832986032400478, 0.00172526887774889, 0.00165832569478659, 0.0015832539019666454, 0.0015009336474210754, 0.0014123300608682996, 0.0013184819383496185, 0.0012204895632954057, 0.0011195018067078903, 0.0010167026576990738, 0.0009132973423009265, 0.0008104981932921097, 0.0007095104367045941, 0.000611518061650382, 0.0005176699391317006, 0.00042906635257892496, 0.0003467460980333547, 0.0002716743052134104, 0.00020473112225111043, 0.00014670139675995223, 9.826547421423595e-05], "label_smoothing": 0.01}, "track_loss": [0.9580633332209332, 0.8102339267730713, 0.6909082944746371, 0.6064577691103696, 0.5554496324601977, 0.5126784919220724, 0.4836017321902538, 0.4620830287413342, 0.4458636887770131, 0.43169448239567837, 0.4172211786847056, 0.40820196944254417, 0.39666931874467515, 0.388197845711139, 0.379508464817157, 0.3726519510824494, 0.3650325013654222, 0.3578014289891278, 0.35165309485339336, 0.3455432498160704, 0.338762354924355, 0.3344196033207968, 0.32861632242369554, 0.3252934669638857, 0.32106104439178124, 0.31547291188083065, 0.3148018719482814, 0.31060898613046717, 0.30900698073606925, 0.3070132744410401], "track_loss_val": [0.9519113906285585, 0.7658930373969782, 0.62297195070307, 0.5380323015568124, 0.49740002451611115, 0.47669819266233243, 0.44069466452452133, 0.41793451851480523, 0.39269953954700315, 0.39676203465736304, 0.3828307802926556, 0.35894004983430633, 0.35565834282227077, 0.3636478995350181, 0.34954658187854315, 0.33008352196605556, 0.3312179375861748, 0.31770552843523114, 0.32065634661123527, 0.30797639803785737, 0.3100865511599063, 0.3055622098885205, 0.3093353464141231, 0.3013244639660255, 0.2935004939902538, 0.29926295904532046, 0.29147570438668735, 0.2915065518210351, 0.28910308778858, 0.290655738389881], "test_loss": NaN, "test_loss_baseline": NaN, "confusion_matrix": [[2848, 119, 235, 103, 251, 635], [529, 306, 225, 109, 212, 1031], [1540, 251, 1368, 45, 426, 1183], [548, 108, 153, 300, 796, 1148], [727, 202, 252, 186, 1516, 890], [972, 228, 243, 143, 562, 1661]]}