{"test_loss_kl": 9.499483949989406, "test_loss_baseline_kl": 1.0842595902639767, "test_accuracy": 36.2668849774867}