{"test_loss": 1.5838225686560583, "test_loss_baseline": 1.0828705477363922, "accuracy": 46.9835718558741}