{"test_loss_kl": 5.005065871965747, "test_loss_baseline_kl": 1.0842595902639767, "test_accuracy": 32.78300814117433}