{"test_loss_kl": 5.638089778204313, "test_loss_baseline_kl": 1.0842595902639767, "test_accuracy": 31.65506890435257}