{"test_loss_kl": 11.453559226767961, "test_loss_baseline_kl": 1.0842595902639767, "test_accuracy": 34.85241278937554}