{"test_loss_kl": 9.298798316959726, "test_loss_baseline_kl": 1.0842595902639767, "test_accuracy": 37.27657252012553}