{"test_loss_kl": 5.420054604126097, "test_loss_baseline_kl": 1.0842595902639767, "test_accuracy": 35.76204120616728}