{"test_loss_kl": 5.857148808708717, "test_loss_baseline_kl": 1.0842595902639767, "test_accuracy": 36.50338836585255}