{"test_loss_kl": 9.597141210596229, "test_loss_baseline_kl": 1.0842595902639767, "test_accuracy": 35.22990858234411}