{"test_loss_kl": 8.338441870760086, "test_loss_baseline_kl": 1.0842595902639767, "test_accuracy": 35.188975303588485}