{"test_loss": 1.7019862081898853, "test_loss_baseline": 1.0842595902639767, "accuracy": 33.63351071087461}