{"test_loss_kl": 7.229555790680785, "test_loss_baseline_kl": 1.0842595902639767, "test_accuracy": 37.89966798562787}