{"test_loss_kl": 13.73842390227608, "test_loss_baseline_kl": 1.0842595902639767, "test_accuracy": 23.69582025742484}