{"test_loss": 1.727175667275523, "test_loss_baseline": 1.0842595902639767, "accuracy": 31.9052167189703}