{"test_loss": 1.0446940610661757, "test_loss_baseline": 1.0842595902639767, "accuracy": 35.93941874744167}