{"test_loss": 0.8183667373514789, "test_loss_baseline": 1.0828705477363922, "accuracy": 52.98881781786388}