{"test_loss_kl": 11.67905698643001, "test_loss_baseline_kl": 1.0842595902639767, "test_accuracy": 34.99795333606222}