{"test_loss_kl": 11.412048812305859, "test_loss_baseline_kl": 1.0842595902639767, "test_accuracy": 34.64319825351344}