{"track_loss": [1.6775806607100712, 1.6024312633382123, 1.555511404223384, 1.5170140637341458, 1.489685173222364, 1.4650617056956554, 1.4402163217530255, 1.4177826444121757, 1.3986887836858504, 1.382391350562034], "track_loss_val": [1.713604731653251, 1.6779248765870636, 1.6908902303845275, 1.6793585973627427, 1.674594755266227, 1.6641878244923611, 1.664942478198631, 1.6626507174734977, 1.6731237561094994, 1.6564117310093898], "min_votes": 0, "augmentation": false, "data_type": "eeg_spec", "num_parameters": 1092454, "num_trainable_parameters": 1092454, "configs": {"n_epochs": 10, "path_model_out": "C:\\Users\\Amy\\Desktop\\Green_Git\\eegClassification\\models/model_CustomCNN_eeg_small_9.pt", "learning_rate": [0.0002, 0.00063, 0.00106, 0.00149, 0.00192, 0.0018624064528505427, 0.001696572443178624, 0.0014425, 0.0011308340096719187, 0.0007991659903280816], "label_smoothing": 0.01, "loss_type": "cross_entropy"}, "model_name": "CustomCNN_eeg_small", "input_shape": [1, 140, 129]}