{
    "track_loss": [
        0.8967343592981123,
        0.7065808256842055,
        0.6226603247365862,
        0.5651910423107867,
        0.5237143938271505,
        0.47794887313865264,
        0.44296785041971026,
        0.4155598505066251,
        0.3925898695751181,
        0.3720885287056554,
        0.3558382437335995,
        0.3409730220600119,
        0.32692146922619836,
        0.3132023771978774,
        0.3016210855880998,
        0.29228144345699614,
        0.28255577582233354,
        0.27682224834021535,
        0.27033000595445905,
        0.26540306525410345
    ],
    "track_loss_val": [
        0.7606623096286126,
        0.6279323262988397,
        0.5540183442943502,
        0.48904308418058,
        0.4413724452819464,
        0.4184565179752854,
        0.37641176097797896,
        0.3538047340680968,
        0.3306368266636471,
        0.3175119599643743,
        0.30112897146422907,
        0.30955614891816985,
        0.29159744938589494,
        0.27669731282962945,
        0.261846510081921,
        0.25118472109425743,
        0.24145668851879407,
        0.24079635390695536,
        0.2396674559926087,
        0.23277083342930055
    ],
    "min_votes": 0,
    "augmentation": false,
    "data_type": "spec",
    "num_parameters": 7404898,
    "num_trainable_parameters": 7404898,
    "configs": {
        "n_epochs": 20,
        "path_model_out": "C:/Users/Amy/Desktop/Green_Git/eegClassification/models/model_CustomCNN_0.pt",
        "learning_rate": [
            0.0002,
            0.00063,
            0.00106,
            0.00149,
            0.00192,
            0.0019069750447495998,
            0.001868255465824106,
            0.001804897432402197,
            0.001718629186473556,
            0.001611803900902583,
            0.0014873354910069179,
            0.001348619130543586,
            0.0011994386402194633,
            0.0010438632749260775,
            0.0008861367250739227,
            0.0007305613597805371,
            0.0005813808694564142,
            0.0004426645089930822,
            0.0003181960990974175,
            0.00021137081352644424
        ],
        "label_smoothing": 0
    },
    "test_loss": 0.8183667373514789,
    "confusion_matrix": [
        [
            2946,
            194,
            131,
            48,
            231,
            577
        ],
        [
            172,
            863,
            122,
            142,
            271,
            783
        ],
        [
            639,
            161,
            2910,
            11,
            490,
            566
        ],
        [
            454,
            157,
            30,
            630,
            529,
            1247
        ],
        [
            434,
            39,
            151,
            71,
            2076,
            915
        ],
        [
            755,
            221,
            140,
            105,
            430,
            2090
        ]
    ],
    "confusion_matrix_p": [
        [
            0.7138357160164769,
            0.047007511509571116,
            0.03174218560697843,
            0.011630724497213472,
            0.055972861642839836,
            0.1398110007269203
        ],
        [
            0.07309817254568636,
            0.36676583085422865,
            0.05184870378240544,
            0.060348491287717805,
            0.11517212069698257,
            0.33276668083297917
        ],
        [
            0.13376596190077455,
            0.03370316097969437,
            0.6091689344777057,
            0.0023027004396064476,
            0.1025748377642872,
            0.11848440443793176
        ],
        [
            0.1489990154250082,
            0.05152609123728257,
            0.009845749917952083,
            0.20676074827699376,
            0.17361339021988842,
            0.409255004922875
        ],
        [
            0.11774281063483451,
            0.010580575149213239,
            0.04096581660336408,
            0.01926207270754205,
            0.5632121540965817,
            0.24823657080846445
        ],
        [
            0.20181769580326117,
            0.0590751136059877,
            0.03742314889067094,
            0.028067361668003207,
            0.11494252873563218,
            0.5586741512964448
        ]
    ]
}