{
    "track_loss": [
        0.9203831389363125,
        0.781213040778179,
        0.6948267244006963,
        0.6319090771641276,
        0.5846673192398212,
        0.5392851817404875,
        0.5038859175135758,
        0.47862175434066534,
        0.45677964100323426,
        0.43967671428746286,
        0.42286839927551084,
        0.4126065919984594,
        0.40106704564678747,
        0.39032325422075864,
        0.38270401832001777,
        0.3745238713024919,
        0.3669495534789709,
        0.36094493994818844,
        0.3553718449997248,
        0.3485280734785571,
        0.3410071267225659,
        0.33769114497368813,
        0.32977709635147645,
        0.32582825286950046,
        0.32134892376335367,
        0.3166702426934761,
        0.3142582316413282,
        0.30875312568674473,
        0.3045846563865243,
        0.3018257251694841,
        0.2974139113074332,
        0.29532046909307463,
        0.29465884169036755,
        0.29329855582177244,
        0.28901021447571923,
        0.285701133726674,
        0.2858522559746099,
        0.28418775962959963,
        0.282886479314251,
        0.2814964411556439
    ],
    "track_loss_val": [
        0.8310798186176228,
        0.7032205465829597,
        0.613526052236557,
        0.5622959604803122,
        0.5365392124877786,
        0.5084155258142723,
        0.4838986095392479,
        0.458204397278012,
        0.45313547366070295,
        0.4409042901587936,
        0.4262631481548525,
        0.42453977206967913,
        0.40412112766841674,
        0.394103585717813,
        0.3872444892829319,
        0.3657295031929916,
        0.37404999046955467,
        0.39390369288201604,
        0.3677326498728878,
        0.3573137284449811,
        0.3422750566365584,
        0.355741390417207,
        0.3455601468963443,
        0.3275695598912689,
        0.3341605212328569,
        0.3289548582063531,
        0.3229430392665683,
        0.3216557424023466,
        0.3195709082877861,
        0.32047696883948346,
        0.3127820951758691,
        0.31473939295084974,
        0.31414410590000874,
        0.30817619534033647,
        0.30716621049170223,
        0.30523325345426233,
        0.3032372388637291,
        0.3001331790438238,
        0.3009086714600617,
        0.29894070456612787
    ],
    "min_votes": 0,
    "augmentation": false,
    "data_type": "eeg_spec",
    "num_parameters": 1092454,
    "num_trainable_parameters": 1092454,
    "configs": {
        "n_epochs": 40,
        "path_model_out": "C:/Users/Amy/Desktop/Green_Git/eegClassification/models/model_CustomCNN_eeg_small_1.pt",
        "learning_rate": [
            0.0002,
            0.00063,
            0.00106,
            0.00149,
            0.00192,
            0.0019169032292681706,
            0.0019076330008192066,
            0.0018922494356418797,
            0.001870852302059524,
            0.0018435803686941772,
            0.0018106105044988154,
            0.0017721565316943242,
            0.0017284678390503438,
            0.0016798277645034016,
            0.0016265517576016675,
            0.0015689853336935855,
            0.001507501833128254,
            0.0014425,
            0.0013744013961399168,
            0.0013036476671256217,
            0.0012306976780402125,
            0.0011560245375561225,
            0.0010801125296438334,
            0.0010034539728044915,
            0.0009265460271955086,
            0.0008498874703561665,
            0.000773975462443878,
            0.000699302321959788,
            0.0006263523328743787,
            0.0005555986038600832,
            0.0004874999999999998,
            0.00042249816687174634,
            0.0003610146663064148,
            0.00030344824239833263,
            0.0002501722354965987,
            0.00020153216094965658,
            0.00015784346830567615,
            0.00011938949550118464,
            8.641963130582286e-05,
            5.9147697940476065e-05
        ],
        "label_smoothing": 0.01
    },
    "test_loss": 1.043208277459408,
    "test_loss_baseline": 1.0842595902639767,
    "confusion_matrix": [
        [
            2712,
            177,
            128,
            170,
            414,
            579
        ],
        [
            556,
            317,
            267,
            136,
            423,
            707
        ],
        [
            1633,
            161,
            1214,
            60,
            663,
            1068
        ],
        [
            355,
            218,
            69,
            379,
            985,
            1031
        ],
        [
            629,
            199,
            150,
            236,
            1929,
            627
        ],
        [
            767,
            294,
            202,
            223,
            740,
            1569
        ]
    ],
    "confusion_matrix_p": [
        [
            0.6488038277511962,
            0.042344497607655504,
            0.03062200956937799,
            0.04066985645933014,
            0.09904306220095693,
            0.13851674641148326
        ],
        [
            0.2310889443059019,
            0.1317539484621779,
            0.11097256857855362,
            0.05652535328345802,
            0.17581047381546136,
            0.2938487115544472
        ],
        [
            0.34027922483850803,
            0.03354865596999375,
            0.2529693686184622,
            0.012502604709314441,
            0.13815378203792456,
            0.22254636382579704
        ],
        [
            0.11689166941060257,
            0.07178136318735594,
            0.022719789265722753,
            0.1247942048073757,
            0.3243332235758973,
            0.3394797497530458
        ],
        [
            0.16684350132625994,
            0.05278514588859416,
            0.03978779840848806,
            0.06259946949602122,
            0.5116710875331565,
            0.16631299734748012
        ],
        [
            0.20210803689064558,
            0.0774703557312253,
            0.053227931488801054,
            0.05876152832674572,
            0.19499341238471674,
            0.4134387351778656
        ]
    ]
}