{
    "track_loss": [
        1.3339838040853613,
        1.0603016084477084,
        0.8738539521373919,
        0.7581754062157958,
        0.677787362528381,
        0.6040150838445372,
        0.5582254635197903,
        0.5202031261774142,
        0.4902277330298032,
        0.46479712332140155,
        0.4478284850049375,
        0.42621957635812796,
        0.40947275580977327,
        0.3930479566107935,
        0.38058280822501256,
        0.36471811587463565,
        0.35730194703522905,
        0.350796628409802,
        0.33836289864978686,
        0.33248511401575004,
        0.3234386922819401,
        0.31456859760097605,
        0.3073914193951372,
        0.29651256425500805,
        0.2942185009092982,
        0.2837045172702021,
        0.2781959582787396,
        0.2761799204371758,
        0.27054920064202,
        0.2677479037431194,
        0.2618641190842461,
        0.2590162009556792,
        0.25363182911732746,
        0.24858104551572408,
        0.24957399704118274,
        0.24631064437996986,
        0.24182041459230344,
        0.23553065206410725,
        0.23824971238735007,
        0.23811705115793355
    ],
    "track_loss_val": [
        1.2247156785495246,
        0.9354873619862457,
        0.7759688025090232,
        0.6847400636370502,
        0.6028146859425217,
        0.4925886928590376,
        0.4788141037101176,
        0.4378446764243183,
        0.4164353484538064,
        0.3927341452730236,
        0.3815104003940056,
        0.3518789499553282,
        0.38091946726859505,
        0.3259225890262803,
        0.32612597742187444,
        0.3170259251300968,
        0.318177215310175,
        0.3075965175877756,
        0.28664075371934405,
        0.27627650537152787,
        0.291310549004754,
        0.2664591572177944,
        0.2731788020525406,
        0.26850028497292033,
        0.26235935748068256,
        0.25489411514196825,
        0.2482452795687896,
        0.25743762320324554,
        0.24647970586570342,
        0.2531396747747464,
        0.235318833267066,
        0.24309768199698248,
        0.23181102452660673,
        0.23262494185300014,
        0.22790265138914337,
        0.22605284386828764,
        0.22617970829579367,
        0.21926081653183965,
        0.22197229570862073,
        0.22012405842542648
    ],
    "min_votes": 5,
    "augmentation": true,
    "data_type": "eeg_spec",
    "num_parameters": 1092898,
    "num_trainable_parameters": 1092898,
    "configs": {
        "n_epochs": 40,
        "path_model_out": "C:/Users/Amy/Desktop/Green_Git/eegClassification/models/model_CustomCNN_eeg_6.pt",
        "learning_rate": [
            0.0002,
            0.00063,
            0.00106,
            0.00149,
            0.00192,
            0.0019169032292681706,
            0.0019076330008192066,
            0.0018922494356418797,
            0.001870852302059524,
            0.0018435803686941772,
            0.0018106105044988154,
            0.0017721565316943242,
            0.0017284678390503438,
            0.0016798277645034016,
            0.0016265517576016675,
            0.0015689853336935855,
            0.001507501833128254,
            0.0014425,
            0.0013744013961399168,
            0.0013036476671256217,
            0.0012306976780402125,
            0.0011560245375561225,
            0.0010801125296438334,
            0.0010034539728044915,
            0.0009265460271955086,
            0.0008498874703561665,
            0.000773975462443878,
            0.000699302321959788,
            0.0006263523328743787,
            0.0005555986038600832,
            0.0004874999999999998,
            0.00042249816687174634,
            0.0003610146663064148,
            0.00030344824239833263,
            0.0002501722354965987,
            0.00020153216094965658,
            0.00015784346830567615,
            0.00011938949550118464,
            8.641963130582286e-05,
            5.9147697940476065e-05
        ],
        "label_smoothing": 0
    },
    "test_loss": 1.7019862081898853,
    "confusion_matrix": [
        [
            1008,
            525,
            512,
            80,
            73,
            1982
        ],
        [
            12,
            431,
            476,
            41,
            67,
            1379
        ],
        [
            342,
            418,
            2489,
            17,
            127,
            1406
        ],
        [
            25,
            340,
            322,
            112,
            144,
            2094
        ],
        [
            40,
            294,
            273,
            247,
            444,
            2472
        ],
        [
            56,
            372,
            267,
            67,
            122,
            2911
        ]
    ],
    "confusion_matrix_p": [
        [
            0.24114832535885167,
            0.1255980861244019,
            0.12248803827751197,
            0.019138755980861243,
            0.017464114832535887,
            0.47416267942583734
        ],
        [
            0.004987531172069825,
            0.17913549459684122,
            0.19783873649210307,
            0.017040731504571905,
            0.027847049044056525,
            0.5731504571903574
        ],
        [
            0.07126484684309231,
            0.08710147947489061,
            0.5186497186913941,
            0.0035424046676390914,
            0.026463846634715564,
            0.29297770368826836
        ],
        [
            0.008231807704972012,
            0.11195258478761937,
            0.10602568324003951,
            0.03687849851827461,
            0.04741521238063879,
            0.6894962133684557
        ],
        [
            0.010610079575596816,
            0.0779840848806366,
            0.07241379310344828,
            0.06551724137931035,
            0.11777188328912466,
            0.6557029177718833
        ],
        [
            0.014756258234519103,
            0.09802371541501977,
            0.07035573122529644,
            0.017654808959156786,
            0.03214756258234519,
            0.7670619235836628
        ]
    ]
}