{"track_loss": [1.712389475732877, 1.671239309328476, 1.610591513456341, 1.5679008286741338, 1.5326625815632156, 1.4865381151273105, 1.456783595664725, 1.4310476259632006, 1.4110352426602695, 1.3912960446780998], "track_loss_val": [1.8091765151304358, 1.7851018297906016, 1.7952772154527552, 1.7898962362139832, 1.782419905943029, 1.7758197200064565, 1.7687345242967794, 1.7627656356961119, 1.767774304221658, 1.771471489644518], "min_votes": 5, "augmentation": true, "data_type": "eeg_spec", "num_parameters": 1092454, "num_trainable_parameters": 1092454, "configs": {"n_epochs": 10, "path_model_out": "C:\\Users\\Amy\\Desktop\\Green_Git\\eegClassification\\models/model_CustomCNN_eeg_small_11.pt", "learning_rate": [0.0002, 0.00063, 0.00106, 0.00149, 0.00192, 0.0018624064528505427, 0.001696572443178624, 0.0014425, 0.0011308340096719187, 0.0007991659903280816], "label_smoothing": 0.01, "loss_type": "cross_entropy"}, "model_name": "CustomCNN_eeg_small", "input_shape": [1, 140, 129]}