{"track_loss": [1.21409476805817, 0.8727436011487787, 0.6995737234299834, 0.5809348929334771, 0.4857179139825431, 0.38997307037088, 0.3259584516964176, 0.2753559130497954, 0.23514898378740656, 0.2073273065584627, 0.1871917857534506, 0.16534178246828643, 0.14801150501113047, 0.13477434129877525, 0.1262265775522048, 0.11505917903374542, 0.10780544682321223, 0.0995625178752975, 0.09247042303058234, 0.09038202212276784], "track_loss_val": [1.209412980079651, 0.9123428068377755, 0.7119832288135182, 0.5558956590565768, 0.4410391486503861, 0.36756249395283785, 0.2843809950080785, 0.2916278126564893, 0.2265460029244423, 0.20269987149672075, 0.1952179487455975, 0.17620458074591377, 0.16798088320276955, 0.1650696532970125, 0.13336733393371106, 0.13148628771305085, 0.12764649286188862, 0.12718033695762807, 0.12259877043014222, 0.11734723767096346], "min_votes": 5, "augmentation": false, "data_type": "spec", "num_parameters": 7404898, "num_trainable_parameters": 7404898, "configs": {"n_epochs": 20, "path_model_out": "C:/Users/Amy/Desktop/Green_Git/eegClassification/models/model_CustomCNN_3.pt", "learning_rate": [0.0002, 0.00063, 0.00106, 0.00149, 0.00192, 0.0019069750447495998, 0.001868255465824106, 0.001804897432402197, 0.001718629186473556, 0.001611803900902583, 0.0014873354910069179, 0.001348619130543586, 0.0011994386402194633, 0.0010438632749260775, 0.0008861367250739227, 0.0007305613597805371, 0.0005813808694564142, 0.0004426645089930822, 0.0003181960990974175, 0.00021137081352644424], "label_smoothing": 0.01}, "test_loss": 1.5838225686560583, "test_loss_baseline": 2.592981086759006, "confusion_matrix": [[1158, 345, 313, 61, 113, 2137], [6, 969, 172, 52, 208, 946], [134, 159, 3384, 18, 174, 908], [26, 391, 32, 465, 186, 1947], [42, 116, 99, 48, 1300, 2081], [48, 242, 217, 72, 228, 2934]], "confusion_matrix_p": [[0.280591228495275, 0.08359583232372184, 0.07584201599224619, 0.014780712381875455, 0.027380663920523383, 0.5178095468863582], [0.0025499362515937103, 0.4118147046323842, 0.07309817254568636, 0.022099447513812154, 0.08839779005524862, 0.402039949001275], [0.02805107808247854, 0.033284488172493194, 0.7083943897843835, 0.0037680552648105504, 0.036424534226501985, 0.19007745446933222], [0.00853298326222514, 0.12832294059730884, 0.010502133245815556, 0.1526091237282573, 0.06104364949130292, 0.6389891696750902], [0.011394465545306565, 0.031470428648941944, 0.02685838307107976, 0.013022246337493217, 0.352685838307108, 0.5645686380900705], [0.012830793905372895, 0.06468858593958834, 0.05800588078053996, 0.019246190858059342, 0.06094627105052125, 0.7842822774659182]]}