{"track_loss": [1.7125691884783059, 1.6264867963294638, 1.560394134187051, 1.5123200578387506, 1.483204280089469, 1.4507019072096812, 1.4206220833963938, 1.392013920108657, 1.3717598737095276, 1.3588682321401744], "track_loss_val": [1.803516461802464, 1.807829018200145, 1.7952129700604607, 1.8016076410517974, 1.8071975642559575, 1.8181369772144393, 1.7866950778400197, 1.7984267220777623, 1.7993430717318666, 1.7941110307095098], "min_votes": 5, "augmentation": false, "data_type": "eeg_spec", "num_parameters": 1092454, "num_trainable_parameters": 1092454, "configs": {"n_epochs": 10, "path_model_out": "C:\\Users\\Amy\\Desktop\\Green_Git\\eegClassification\\models/model_CustomCNN_eeg_small_13.pt", "learning_rate": [0.0002, 0.00063, 0.00106, 0.00149, 0.00192, 0.0018624064528505427, 0.001696572443178624, 0.0014425, 0.0011308340096719187, 0.0007991659903280816], "label_smoothing": 0.01, "loss_type": "cross_entropy"}, "model_name": "CustomCNN_eeg_small", "input_shape": [1, 140, 129]}