{"track_loss": [1.632009867626986, 1.541168356542107, 1.480337406491204, 1.4464512906486182, 1.422420059348182, 1.4041722751349854, 1.3844760801294724, 1.3670094880268728, 1.3428595426271288, 1.327410957195776], "track_loss_val": [1.723299448630389, 1.6988866062725292, 1.71566441339605, 1.6558165110793768, 1.6895260212468166, 1.6787215578789805, 1.685917610280654, 1.6630567321590348, 1.695611530191758, 1.7013171869165757], "min_votes": 0, "augmentation": true, "data_type": "eeg_spec", "num_parameters": 1092454, "num_trainable_parameters": 1092454, "configs": {"n_epochs": 10, "path_model_out": "C:\\Users\\Amy\\Desktop\\Green_Git\\eegClassification\\models/model_CustomCNN_eeg_small_3.pt", "learning_rate": [0.0002, 0.00063, 0.00106, 0.00149, 0.00192, 0.0018624064528505427, 0.001696572443178624, 0.0014425, 0.0011308340096719187, 0.0007991659903280816], "label_smoothing": 0.01, "loss_type": "cross_entropy"}, "model_name": "CustomCNN_eeg_small", "input_shape": [1, 140, 129]}