{
    "track_loss": [
        0.9573024646177759,
        0.8232864496601418,
        0.6887892608554975,
        0.6016038370664938,
        0.5510571149180533,
        0.5078685782012403,
        0.4780042697313196,
        0.4574341594700511,
        0.4366932259899395,
        0.4279294386291366,
        0.41586530238647623,
        0.40314322620930865,
        0.395279611297145,
        0.38725609354868057,
        0.3812774280220356,
        0.3752463904426833,
        0.3684589105634078,
        0.36320771614052033,
        0.3558389892753332,
        0.3515006152735835,
        0.3440503248198747,
        0.34193664734447726,
        0.3362663214011735,
        0.33156822246072615,
        0.3288142185346881,
        0.32460850349463716,
        0.3200321496391846,
        0.31682634868951626,
        0.3122850952385482,
        0.31025725738373544,
        0.3083319412678566,
        0.30603501728872745,
        0.3030143921459443,
        0.29982850586818344,
        0.2996441569576518,
        0.2970888498064764,
        0.29519553033779955,
        0.2929335377294495,
        0.2922097810407193,
        0.292199228860717
    ],
    "track_loss_val": [
        0.9172814625827999,
        0.7551292426647989,
        0.6069752639240078,
        0.5407316544729283,
        0.4993064262681461,
        0.4591307304262771,
        0.42322678335805447,
        0.38991391933617053,
        0.3801536959426891,
        0.37152202534744305,
        0.35724916757870817,
        0.34436550143816286,
        0.34628071496397345,
        0.3456222305036759,
        0.3371493931891939,
        0.3316382457440456,
        0.31087100419943203,
        0.3141255356392874,
        0.31809150451198437,
        0.2989823270685735,
        0.2964391372561111,
        0.3067096886614214,
        0.2940490956093461,
        0.2957166137458268,
        0.2850241722480021,
        0.2849466548615299,
        0.27899487960750846,
        0.2750103958058426,
        0.27445639429415336,
        0.27528937465862857,
        0.274667696281194,
        0.26180678988224493,
        0.2625048737704582,
        0.2594729953523328,
        0.26268379639308115,
        0.2617081103991363,
        0.25945609009231546,
        0.25659091105035126,
        0.25906699569493274,
        0.25778747085879106
    ],
    "min_votes": 0,
    "augmentation": true,
    "data_type": "eeg_spec",
    "num_parameters": 1092898,
    "num_trainable_parameters": 1092898,
    "configs": {
        "n_epochs": 40,
        "path_model_out": "C:/Users/Amy/Desktop/Green_Git/eegClassification/models/model_CustomCNN_eeg_2.pt",
        "learning_rate": [
            0.0002,
            0.00063,
            0.00106,
            0.00149,
            0.00192,
            0.0019169032292681706,
            0.0019076330008192066,
            0.0018922494356418797,
            0.001870852302059524,
            0.0018435803686941772,
            0.0018106105044988154,
            0.0017721565316943242,
            0.0017284678390503438,
            0.0016798277645034016,
            0.0016265517576016675,
            0.0015689853336935855,
            0.001507501833128254,
            0.0014425,
            0.0013744013961399168,
            0.0013036476671256217,
            0.0012306976780402125,
            0.0011560245375561225,
            0.0010801125296438334,
            0.0010034539728044915,
            0.0009265460271955086,
            0.0008498874703561665,
            0.000773975462443878,
            0.000699302321959788,
            0.0006263523328743787,
            0.0005555986038600832,
            0.0004874999999999998,
            0.00042249816687174634,
            0.0003610146663064148,
            0.00030344824239833263,
            0.0002501722354965987,
            0.00020153216094965658,
            0.00015784346830567615,
            0.00011938949550118464,
            8.641963130582286e-05,
            5.9147697940476065e-05
        ],
        "label_smoothing": 0
    },
    "test_loss": 1.0446940610661757,
    "confusion_matrix": [
        [
            2933,
            187,
            166,
            77,
            223,
            594
        ],
        [
            459,
            447,
            82,
            201,
            209,
            1008
        ],
        [
            1610,
            479,
            1243,
            104,
            306,
            1057
        ],
        [
            437,
            232,
            74,
            237,
            608,
            1449
        ],
        [
            781,
            232,
            102,
            279,
            1231,
            1145
        ],
        [
            943,
            295,
            138,
            146,
            462,
            1811
        ]
    ],
    "confusion_matrix_p": [
        [
            0.7016746411483253,
            0.04473684210526316,
            0.03971291866028708,
            0.018421052631578946,
            0.053349282296650716,
            0.14210526315789473
        ],
        [
            0.19077306733167082,
            0.185785536159601,
            0.03408146300914381,
            0.08354114713216958,
            0.08686616791354947,
            0.41895261845386533
        ],
        [
            0.3354865596999375,
            0.09981246092936029,
            0.2590122942279642,
            0.02167118149614503,
            0.06376328401750364,
            0.2202542196290894
        ],
        [
            0.14389199868291078,
            0.07639117550214027,
            0.024366150806717154,
            0.07803753704313467,
            0.20019756338491934,
            0.4771155745801778
        ],
        [
            0.20716180371352785,
            0.06153846153846154,
            0.027055702917771884,
            0.07400530503978779,
            0.32652519893899207,
            0.3037135278514589
        ],
        [
            0.24848484848484848,
            0.077733860342556,
            0.03636363636363636,
            0.03847167325428195,
            0.12173913043478261,
            0.4772068511198946
        ]
    ]
}