{
    "track_loss": [
        1.348803020012406,
        1.0651470998425148,
        0.8919410926877502,
        0.799147278817205,
        0.7341885026332187,
        0.6713468617078655,
        0.6156404771267145,
        0.5728546917302734,
        0.5461029411719981,
        0.506415107051984,
        0.48664728906811777,
        0.46133295288797393,
        0.4493777798085658,
        0.4248561842838018,
        0.4109728841412312,
        0.3970211876348374,
        0.38353204265542346,
        0.3685485673453107,
        0.3561485311979585,
        0.3505510111129365,
        0.3341222002525264,
        0.33102519460582513,
        0.3192480354482872,
        0.3126064623474803,
        0.30442214836971093,
        0.299126300561944,
        0.2921430751986819,
        0.2858310902240879,
        0.27899490714344727,
        0.2716217326819218,
        0.2668305632906514,
        0.26062626994144944,
        0.25759281050031985,
        0.2567793200628361,
        0.2514460341907308,
        0.24856631985625807,
        0.24514764762888736,
        0.24752026441632208,
        0.2418298923107106,
        0.24187758704117057
    ],
    "track_loss_val": [
        1.2034193873405457,
        0.9624840302900834,
        0.7993101325902072,
        0.7231847004456954,
        0.666690637848594,
        0.5810131780125878,
        0.5311899591575969,
        0.4950079931454225,
        0.4800053848461671,
        0.45455100509253415,
        0.4814581800590862,
        0.4460437744855881,
        0.43396742669018834,
        0.42795664153315804,
        0.40473939153281124,
        0.40813471945849333,
        0.3787388190627098,
        0.38325427120382133,
        0.3820545929399404,
        0.35004655949094077,
        0.39765390862118116,
        0.33717394552447577,
        0.36169344159689815,
        0.3562667047435587,
        0.35776114761829375,
        0.3254942860115658,
        0.32271445041353053,
        0.35007975765249943,
        0.3318127367984165,
        0.33757224502888594,
        0.32717729983004656,
        0.3021026680415327,
        0.32257302457636056,
        0.3116300339048559,
        0.31351144842126155,
        0.31201509806242855,
        0.30829360403797845,
        0.3235438876531341,
        0.3200295345349745,
        0.325430106845769
    ],
    "min_votes": 5,
    "augmentation": false,
    "data_type": "eeg_spec",
    "num_parameters": 1092454,
    "num_trainable_parameters": 1092454,
    "configs": {
        "n_epochs": 40,
        "path_model_out": "C:/Users/Amy/Desktop/Green_Git/eegClassification/models/model_CustomCNN_eeg_small_4.pt",
        "learning_rate": [
            0.0002,
            0.00063,
            0.00106,
            0.00149,
            0.00192,
            0.0019169032292681706,
            0.0019076330008192066,
            0.0018922494356418797,
            0.001870852302059524,
            0.0018435803686941772,
            0.0018106105044988154,
            0.0017721565316943242,
            0.0017284678390503438,
            0.0016798277645034016,
            0.0016265517576016675,
            0.0015689853336935855,
            0.001507501833128254,
            0.0014425,
            0.0013744013961399168,
            0.0013036476671256217,
            0.0012306976780402125,
            0.0011560245375561225,
            0.0010801125296438334,
            0.0010034539728044915,
            0.0009265460271955086,
            0.0008498874703561665,
            0.000773975462443878,
            0.000699302321959788,
            0.0006263523328743787,
            0.0005555986038600832,
            0.0004874999999999998,
            0.00042249816687174634,
            0.0003610146663064148,
            0.00030344824239833263,
            0.0002501722354965987,
            0.00020153216094965658,
            0.00015784346830567615,
            0.00011938949550118464,
            8.641963130582286e-05,
            5.9147697940476065e-05
        ],
        "label_smoothing": 0
    },
    "test_loss": 1.8376706594298051,
    "test_loss_baseline": 1.0842595902639767,
    "confusion_matrix": [
        [
            944,
            390,
            936,
            82,
            75,
            1753
        ],
        [
            108,
            327,
            759,
            42,
            99,
            1071
        ],
        [
            31,
            428,
            2583,
            22,
            77,
            1658
        ],
        [
            73,
            488,
            412,
            226,
            190,
            1648
        ],
        [
            54,
            305,
            794,
            112,
            474,
            2031
        ],
        [
            60,
            347,
            615,
            39,
            159,
            2575
        ]
    ],
    "confusion_matrix_p": [
        [
            0.22583732057416267,
            0.09330143540669857,
            0.22392344497607655,
            0.019617224880382776,
            0.017942583732057416,
            0.419377990430622
        ],
        [
            0.04488778054862843,
            0.13591022443890274,
            0.31546134663341646,
            0.017456359102244388,
            0.04114713216957606,
            0.4451371571072319
        ],
        [
            0.006459679099812461,
            0.08918524692644302,
            0.5382371327359866,
            0.004584288393415295,
            0.016045009376953533,
            0.34548864346738906
        ],
        [
            0.024036878498518273,
            0.16068488640105366,
            0.13566019097793874,
            0.07441554165294699,
            0.0625617385577873,
            0.542640763911755
        ],
        [
            0.014323607427055704,
            0.08090185676392574,
            0.21061007957559683,
            0.029708222811671087,
            0.12572944297082228,
            0.5387267904509284
        ],
        [
            0.015810276679841896,
            0.09143610013175231,
            0.16205533596837945,
            0.010276679841897233,
            0.04189723320158103,
            0.6785243741765481
        ]
    ]
}