{
    "track_loss": [
        1.3996268893700254,
        1.1768247501453668,
        0.9753915645810086,
        0.845508476324668,
        0.7494352704979022,
        0.6798676388817659,
        0.6258092067779333,
        0.5811776776112837,
        0.5511997452765228,
        0.5114335968309763,
        0.489426065007212,
        0.4696785546924096,
        0.45184507568903554,
        0.43527452250547993,
        0.4151405654423329,
        0.4033106265755069,
        0.39247634248269175,
        0.38344182678262845,
        0.3697562390144974,
        0.35853087409889506,
        0.35163471163812693,
        0.3429426768951644,
        0.33579960743767256,
        0.3234986614325595,
        0.31786628152351987,
        0.31029199101115684,
        0.3081952034748225,
        0.2991429173593369,
        0.2923650710009768,
        0.28774421461826033,
        0.28230256765469874,
        0.2794505405263097,
        0.2738602543610375,
        0.2703722357105014,
        0.26944352224774676,
        0.26761841706099976,
        0.2650680550138608,
        0.26114995740269203,
        0.26445506723567946,
        0.2597412101941391
    ],
    "track_loss_val": [
        1.3741929942911322,
        1.0557893119075081,
        0.8810135667974298,
        0.7502425659786571,
        0.6532918832518838,
        0.5910662932829424,
        0.552121715112166,
        0.521007226542993,
        0.4790936426682906,
        0.45523408570072865,
        0.42874707769263876,
        0.4193029795180668,
        0.40582087297331204,
        0.3926900255409154,
        0.3818417432633313,
        0.3737586872144179,
        0.3718426753174175,
        0.35082023590803146,
        0.3464397873390805,
        0.33180273459716275,
        0.3475856730883772,
        0.32006562623110685,
        0.3165547439997846,
        0.3040159759196368,
        0.3050393223762512,
        0.2927570409395478,
        0.2912542948668653,
        0.2840045087716796,
        0.28343613120642575,
        0.2799372427842834,
        0.27368217930197714,
        0.2745683411305601,
        0.27033282457427543,
        0.26957624195651575,
        0.27216044203801587,
        0.27433337792754175,
        0.2711049414493821,
        0.27238195159218526,
        0.2720805846832015,
        0.2735460967502811
    ],
    "min_votes": 5,
    "augmentation": false,
    "data_type": "eeg_spec",
    "num_parameters": 1092454,
    "num_trainable_parameters": 1092454,
    "configs": {
        "n_epochs": 40,
        "path_model_out": "C:/Users/Amy/Desktop/Green_Git/eegClassification/models/model_CustomCNN_eeg_small_5.pt",
        "learning_rate": [
            0.0002,
            0.00063,
            0.00106,
            0.00149,
            0.00192,
            0.0019169032292681706,
            0.0019076330008192066,
            0.0018922494356418797,
            0.001870852302059524,
            0.0018435803686941772,
            0.0018106105044988154,
            0.0017721565316943242,
            0.0017284678390503438,
            0.0016798277645034016,
            0.0016265517576016675,
            0.0015689853336935855,
            0.001507501833128254,
            0.0014425,
            0.0013744013961399168,
            0.0013036476671256217,
            0.0012306976780402125,
            0.0011560245375561225,
            0.0010801125296438334,
            0.0010034539728044915,
            0.0009265460271955086,
            0.0008498874703561665,
            0.000773975462443878,
            0.000699302321959788,
            0.0006263523328743787,
            0.0005555986038600832,
            0.0004874999999999998,
            0.00042249816687174634,
            0.0003610146663064148,
            0.00030344824239833263,
            0.0002501722354965987,
            0.00020153216094965658,
            0.00015784346830567615,
            0.00011938949550118464,
            8.641963130582286e-05,
            5.9147697940476065e-05
        ],
        "label_smoothing": 0.01
    },
    "test_loss": 1.6420546335406427,
    "test_loss_baseline": 1.0842595902639767,
    "confusion_matrix": [
        [
            846,
            552,
            657,
            111,
            97,
            1917
        ],
        [
            37,
            402,
            482,
            74,
            53,
            1358
        ],
        [
            54,
            769,
            2833,
            17,
            149,
            977
        ],
        [
            22,
            377,
            200,
            176,
            155,
            2107
        ],
        [
            35,
            423,
            314,
            180,
            355,
            2463
        ],
        [
            44,
            439,
            260,
            84,
            116,
            2852
        ]
    ],
    "confusion_matrix_p": [
        [
            0.20239234449760765,
            0.1320574162679426,
            0.15717703349282297,
            0.026555023923444977,
            0.023205741626794257,
            0.4586124401913876
        ],
        [
            0.015378221113881962,
            0.16708229426433915,
            0.200332502078138,
            0.030756442227763924,
            0.02202826267664173,
            0.5644222776392352
        ],
        [
            0.011252344238382997,
            0.1602417170243801,
            0.5903313190247969,
            0.0035424046676390914,
            0.03104813502813086,
            0.20358408001667014
        ],
        [
            0.007243990780375371,
            0.12413566019097794,
            0.0658544616397761,
            0.057951926243002966,
            0.05103720777082647,
            0.6937767533750412
        ],
        [
            0.009283819628647215,
            0.11220159151193634,
            0.08328912466843501,
            0.04774535809018567,
            0.09416445623342175,
            0.653315649867374
        ],
        [
            0.011594202898550725,
            0.11567852437417654,
            0.06851119894598155,
            0.022134387351778657,
            0.030566534914361003,
            0.7515151515151515
        ]
    ]
}