{"track_loss": [1.7186004863040003, 1.6273311791499017, 1.5712203270383522, 1.536758942937763, 1.5072042109997013, 1.4795877263910424, 1.4377712129887954, 1.412650645328051, 1.3872324913246197, 1.3701875198831435], "track_loss_val": [1.8025518197639316, 1.7747437780978632, 1.7705175278233547, 1.7982062970890718, 1.8004304834440643, 1.7890032543855554, 1.7959755617029527, 1.787868817647298, 1.7933760479384777, 1.7861755282271141], "min_votes": 5, "augmentation": true, "data_type": "eeg_spec", "num_parameters": 1092454, "num_trainable_parameters": 1092454, "configs": {"n_epochs": 10, "path_model_out": "C:\\Users\\Amy\\Desktop\\Green_Git\\eegClassification\\models/model_CustomCNN_eeg_small_10.pt", "learning_rate": [0.0002, 0.00063, 0.00106, 0.00149, 0.00192, 0.0018624064528505427, 0.001696572443178624, 0.0014425, 0.0011308340096719187, 0.0007991659903280816], "label_smoothing": 0, "loss_type": "cross_entropy"}, "model_name": "CustomCNN_eeg_small", "input_shape": [1, 140, 129]}