{
    "track_loss": [
        1.7086901673310095,
        1.5910920493894343,
        1.5168801104422096,
        1.472259224404534,
        1.443424025113634,
        1.418410876757807,
        1.3977003617252377,
        1.379353091871138,
        1.3607061112527368,
        1.3471504117087494
    ],
    "track_loss_val": [
        1.7213981254428041,
        1.6960627897112976,
        1.7255038149216595,
        1.7092805951249366,
        1.6828494146758435,
        1.7097805682350606,
        1.693158839263168,
        1.6913627292595657,
        1.668084921088873,
        1.6703174717286053
    ],
    "min_votes": 0,
    "augmentation": true,
    "data_type": "eeg_spec",
    "num_parameters": 1092454,
    "num_trainable_parameters": 1092454,
    "configs": {
        "n_epochs": 10,
        "path_model_out": "C:\\Users\\Amy\\Desktop\\Green_Git\\eegClassification\\models/model_CustomCNN_eeg_small_4.pt",
        "learning_rate": [
            0.0002,
            0.00063,
            0.00106,
            0.00149,
            0.00192,
            0.0018624064528505427,
            0.001696572443178624,
            0.0014425,
            0.0011308340096719187,
            0.0007991659903280816
        ],
        "label_smoothing": 0,
        "loss_type": "cross_entropy"
    },
    "model_name": "CustomCNN_eeg_small",
    "input_shape": [
        1,
        140,
        129
    ]
}