{"track_loss": [1.7060693677832506, 1.6118040462465295, 1.5641547899550106, 1.5226792368580497, 1.4869094210019598, 1.447861854227883, 1.420008638582167, 1.400376682652417, 1.3797435108031082, 1.3633830562974094], "track_loss_val": [1.7062716278375363, 1.6603965352563297, 1.6490164471607582, 1.657077777151968, 1.6457127589805454, 1.636151519943686, 1.6367882845448514, 1.6262306489196479, 1.6304924408594768, 1.6327964768690222], "min_votes": 0, "augmentation": false, "data_type": "eeg_spec", "num_parameters": 1092454, "num_trainable_parameters": 1092454, "configs": {"n_epochs": 10, "path_model_out": "C:\\Users\\Amy\\Desktop\\Green_Git\\eegClassification\\models/model_CustomCNN_eeg_small_0.pt", "learning_rate": [0.0002, 0.00063, 0.00106, 0.00149, 0.00192, 0.0018624064528505427, 0.001696572443178624, 0.0014425, 0.0011308340096719187, 0.0007991659903280816], "label_smoothing": 0, "loss_type": "cross_entropy"}, "model_name": "CustomCNN_eeg_small", "input_shape": [1, 140, 129]}