{
    "track_loss": [
        0.9866265312838126,
        0.8323317763370055,
        0.7159290339378331,
        0.6280194304411211,
        0.5723840080857164,
        0.5260491399913886,
        0.495728075222351,
        0.46997523082238724,
        0.45132758948412727,
        0.4394141316075537,
        0.42515476407481456,
        0.4148980008619736,
        0.4067665046414003,
        0.395782213760302,
        0.38883398734068353,
        0.3821679915503274,
        0.37630667877907786,
        0.3698536997260975,
        0.36405992351451233,
        0.3574003462618888,
        0.3521335438077136,
        0.34521097412849217,
        0.3430865259106247,
        0.3387929828187262,
        0.3330893780306588,
        0.33093532931161806,
        0.3273822870052639,
        0.3235386484703481,
        0.3185092776647241,
        0.3166288147163256,
        0.31221546119919563,
        0.30991399543344017,
        0.3071027220197748,
        0.30503397060658644,
        0.3031451817013344,
        0.2993086445636082,
        0.29924738446608284,
        0.2989892543151679,
        0.29743225604662266,
        0.29662620921177807
    ],
    "track_loss_val": [
        0.9610624803687041,
        0.7673631582620009,
        0.6241662645115043,
        0.5586243103135307,
        0.49797193722904853,
        0.4609369157620196,
        0.44538315568330156,
        0.42958913962796047,
        0.4167998957184126,
        0.4068923115730286,
        0.3933008146173549,
        0.39724958032931923,
        0.3917329884924979,
        0.37332173383460854,
        0.3720183587299203,
        0.35135941556039846,
        0.35876819789409636,
        0.3725708303024184,
        0.3561132697564251,
        0.3451523993375166,
        0.34280416285091975,
        0.34559901463535597,
        0.3387333943596426,
        0.33629213481579184,
        0.33725208746937085,
        0.32025829435519454,
        0.3130392791527622,
        0.32969793356814475,
        0.32748236875489073,
        0.3179445816660827,
        0.3226934609548101,
        0.3260964246291035,
        0.31083334167048615,
        0.3103115236984109,
        0.31236527432810585,
        0.3113877412845504,
        0.302596296904222,
        0.3066569621270558,
        0.3065662799578793,
        0.3039754736535954
    ],
    "min_votes": 0,
    "augmentation": false,
    "data_type": "eeg_spec",
    "num_parameters": 1092454,
    "num_trainable_parameters": 1092454,
    "configs": {
        "n_epochs": 40,
        "path_model_out": "C:/Users/Amy/Desktop/Green_Git/eegClassification/models/model_CustomCNN_eeg_small_0.pt",
        "learning_rate": [
            0.0002,
            0.00063,
            0.00106,
            0.00149,
            0.00192,
            0.0019169032292681706,
            0.0019076330008192066,
            0.0018922494356418797,
            0.001870852302059524,
            0.0018435803686941772,
            0.0018106105044988154,
            0.0017721565316943242,
            0.0017284678390503438,
            0.0016798277645034016,
            0.0016265517576016675,
            0.0015689853336935855,
            0.001507501833128254,
            0.0014425,
            0.0013744013961399168,
            0.0013036476671256217,
            0.0012306976780402125,
            0.0011560245375561225,
            0.0010801125296438334,
            0.0010034539728044915,
            0.0009265460271955086,
            0.0008498874703561665,
            0.000773975462443878,
            0.000699302321959788,
            0.0006263523328743787,
            0.0005555986038600832,
            0.0004874999999999998,
            0.00042249816687174634,
            0.0003610146663064148,
            0.00030344824239833263,
            0.0002501722354965987,
            0.00020153216094965658,
            0.00015784346830567615,
            0.00011938949550118464,
            8.641963130582286e-05,
            5.9147697940476065e-05
        ],
        "label_smoothing": 0
    },
    "test_loss": 1.0585213767927746,
    "test_loss_baseline": 1.0842595902639767,
    "confusion_matrix": [
        [
            2699,
            199,
            265,
            92,
            262,
            663
        ],
        [
            366,
            317,
            421,
            157,
            464,
            681
        ],
        [
            1291,
            555,
            1678,
            72,
            615,
            588
        ],
        [
            506,
            218,
            203,
            185,
            975,
            950
        ],
        [
            507,
            224,
            207,
            379,
            1636,
            817
        ],
        [
            812,
            284,
            175,
            156,
            633,
            1735
        ]
    ],
    "confusion_matrix_p": [
        [
            0.6456937799043062,
            0.04760765550239234,
            0.06339712918660287,
            0.02200956937799043,
            0.06267942583732057,
            0.15861244019138757
        ],
        [
            0.15211970074812967,
            0.1317539484621779,
            0.17497921862011637,
            0.06525353283458021,
            0.19285120532003325,
            0.2830423940149626
        ],
        [
            0.2690143779954157,
            0.11564909356115857,
            0.34965617837049384,
            0.015003125651177328,
            0.128151698270473,
            0.12252552615128151
        ],
        [
            0.16661178794863352,
            0.07178136318735594,
            0.06684227856437273,
            0.060915377016792886,
            0.3210405004939085,
            0.31280869278893647
        ],
        [
            0.13448275862068965,
            0.059416445623342175,
            0.05490716180371353,
            0.10053050397877984,
            0.43395225464190984,
            0.216710875331565
        ],
        [
            0.213965744400527,
            0.07483530961791832,
            0.0461133069828722,
            0.04110671936758893,
            0.16679841897233202,
            0.45718050065876153
        ]
    ]
}