{"track_loss": [1.6769878524670498, 1.606580697375236, 1.5421417522773468, 1.4909754133910584, 1.452035497847221, 1.4189740006872218, 1.3929225457658012, 1.3745591275125957, 1.35477865565595, 1.3411620953100192], "track_loss_val": [1.6795415022793938, 1.6528406049690993, 1.6681780473858703, 1.666093799647163, 1.670370234227648, 1.653872697026122, 1.635065240018508, 1.6460748041377349, 1.6531113166435092, 1.6391825502994013], "min_votes": 0, "augmentation": true, "data_type": "eeg_spec", "num_parameters": 1092454, "num_trainable_parameters": 1092454, "configs": {"n_epochs": 10, "path_model_out": "C:\\Users\\Amy\\Desktop\\Green_Git\\eegClassification\\models/model_CustomCNN_eeg_small_6.pt", "learning_rate": [0.0002, 0.00063, 0.00106, 0.00149, 0.00192, 0.0018624064528505427, 0.001696572443178624, 0.0014425, 0.0011308340096719187, 0.0007991659903280816], "label_smoothing": 0, "loss_type": "cross_entropy"}, "model_name": "CustomCNN_eeg_small", "input_shape": [1, 140, 129]}