{"track_loss": [1.6741986598899896, 1.5704641397908436, 1.5178652221350362, 1.4858363815348783, 1.464497267513824, 1.437075390404077, 1.4196975632537183, 1.3973938734411335, 1.3779272034013872, 1.3642950243229488], "track_loss_val": [1.690070390701294, 1.6735178816552256, 1.6490409243340585, 1.6639706139471018, 1.6589399795906217, 1.724600049093658, 1.6869622969159892, 1.7051384963241278, 1.685179554714876, 1.661423612575905], "min_votes": 0, "augmentation": true, "data_type": "eeg_spec", "num_parameters": 1092454, "num_trainable_parameters": 1092454, "configs": {"n_epochs": 10, "path_model_out": "C:\\Users\\Amy\\Desktop\\Green_Git\\eegClassification\\models/model_CustomCNN_eeg_small_2.pt", "learning_rate": [0.0002, 0.00063, 0.00106, 0.00149, 0.00192, 0.0018624064528505427, 0.001696572443178624, 0.0014425, 0.0011308340096719187, 0.0007991659903280816], "label_smoothing": 0, "loss_type": "cross_entropy"}, "model_name": "CustomCNN_eeg_small", "input_shape": [1, 140, 129]}