{
    "track_loss": [
        1.308895662982962,
        1.0443141910789617,
        0.8762540271255508,
        0.7693523095726077,
        0.6980287095726426,
        0.6200265708143142,
        0.5707942511497149,
        0.527855571192592,
        0.4973944388329983,
        0.4763610497561853,
        0.4468768236241234,
        0.4296031650433789,
        0.41268869406029357,
        0.3967391217488851,
        0.3829617620404087,
        0.37003651266889787,
        0.35705930795242535,
        0.3488082615797644,
        0.3383342632328841,
        0.3255791288814438,
        0.32230253820655064,
        0.30959611950414395,
        0.30032256010697406,
        0.29515327243551387,
        0.28668795445405726,
        0.28316569103122646,
        0.2776811483469027,
        0.27110914343884635,
        0.26512753101649567,
        0.2605701111979894,
        0.2543890584371428,
        0.25124959444710565,
        0.2449847554732392,
        0.2402926871080452,
        0.242080934915636,
        0.24005172198721722,
        0.23492806727316842,
        0.23319432586987518,
        0.2336462312447491,
        0.23047548096015383
    ],
    "track_loss_val": [
        1.1956472032105745,
        0.9202443597032063,
        0.7532613900170397,
        0.6679654950971035,
        0.7022492583118268,
        0.533937804734529,
        0.4855612798858045,
        0.4585684740276479,
        0.44757726988685664,
        0.40179576735887956,
        0.3881160614650641,
        0.3738910442412789,
        0.3560290893734391,
        0.35221741559790143,
        0.32790251832399797,
        0.3203709660403764,
        0.3040792662928353,
        0.29835382304084834,
        0.28633950650691986,
        0.29880719598549516,
        0.2807579778913242,
        0.268949676360657,
        0.26868228703292446,
        0.26010035434320794,
        0.26521083412330543,
        0.2531929286335831,
        0.2505598816631445,
        0.23664003288123145,
        0.23054889022414363,
        0.2378696654714755,
        0.22839583500997343,
        0.22876624740771392,
        0.22146752760259072,
        0.22194189261367073,
        0.22036410623521946,
        0.22121646800147954,
        0.21609098931301884,
        0.21614316050241242,
        0.21530719184831007,
        0.21428364003772166
    ],
    "min_votes": 5,
    "augmentation": true,
    "data_type": "eeg_spec",
    "num_parameters": 1092898,
    "num_trainable_parameters": 1092898,
    "configs": {
        "n_epochs": 40,
        "path_model_out": "C:/Users/Amy/Desktop/Green_Git/eegClassification/models/model_CustomCNN_eeg_7.pt",
        "learning_rate": [
            0.0002,
            0.00063,
            0.00106,
            0.00149,
            0.00192,
            0.0019169032292681706,
            0.0019076330008192066,
            0.0018922494356418797,
            0.001870852302059524,
            0.0018435803686941772,
            0.0018106105044988154,
            0.0017721565316943242,
            0.0017284678390503438,
            0.0016798277645034016,
            0.0016265517576016675,
            0.0015689853336935855,
            0.001507501833128254,
            0.0014425,
            0.0013744013961399168,
            0.0013036476671256217,
            0.0012306976780402125,
            0.0011560245375561225,
            0.0010801125296438334,
            0.0010034539728044915,
            0.0009265460271955086,
            0.0008498874703561665,
            0.000773975462443878,
            0.000699302321959788,
            0.0006263523328743787,
            0.0005555986038600832,
            0.0004874999999999998,
            0.00042249816687174634,
            0.0003610146663064148,
            0.00030344824239833263,
            0.0002501722354965987,
            0.00020153216094965658,
            0.00015784346830567615,
            0.00011938949550118464,
            8.641963130582286e-05,
            5.9147697940476065e-05
        ],
        "label_smoothing": 0.01
    },
    "test_loss": 1.6940149940377058,
    "confusion_matrix": [
        [
            973,
            431,
            639,
            77,
            51,
            2009
        ],
        [
            15,
            457,
            393,
            20,
            50,
            1471
        ],
        [
            111,
            379,
            2909,
            10,
            70,
            1320
        ],
        [
            30,
            319,
            196,
            226,
            162,
            2104
        ],
        [
            53,
            291,
            356,
            156,
            411,
            2503
        ],
        [
            63,
            352,
            237,
            67,
            80,
            2996
        ]
    ],
    "confusion_matrix_p": [
        [
            0.23277511961722488,
            0.10311004784688996,
            0.15287081339712918,
            0.018421052631578946,
            0.012200956937799042,
            0.480622009569378
        ],
        [
            0.006234413965087282,
            0.18994181213632585,
            0.1633416458852868,
            0.00831255195344971,
            0.020781379883624274,
            0.6113881961762261
        ],
        [
            0.023129818712231714,
            0.07897478641383622,
            0.6061679516565951,
            0.002083767451552407,
            0.014586372160866848,
            0.2750573036049177
        ],
        [
            0.009878169245966415,
            0.10503786631544287,
            0.06453737240698057,
            0.07441554165294699,
            0.05334211392821864,
            0.6927889364504445
        ],
        [
            0.014058355437665782,
            0.07718832891246684,
            0.09442970822281167,
            0.041379310344827586,
            0.1090185676392573,
            0.6639257294429708
        ],
        [
            0.016600790513833993,
            0.0927536231884058,
            0.062450592885375494,
            0.017654808959156786,
            0.021080368906455864,
            0.789459815546772
        ]
    ]
}