{
    "track_loss": [
        0.9013056828068725,
        0.7459141051004874,
        0.6460979316995535,
        0.5775084113782696,
        0.5346823204362426,
        0.49427648189260226,
        0.4644111947126966,
        0.44170267624453097,
        0.4220787223739823,
        0.40687474810252616,
        0.39510470357125016,
        0.3847577077382236,
        0.37404035861665647,
        0.36476690206215084,
        0.35569316613614044,
        0.34771990000943975,
        0.3408374719278785,
        0.3357854484008781,
        0.32796365260991994,
        0.32367747981283784,
        0.316939829362916,
        0.3129416180060645,
        0.30772574988840634,
        0.30110200062952397,
        0.2996809139890698,
        0.295274435024526,
        0.29009200107596106,
        0.2883177795568186,
        0.285305114414661,
        0.27900157356768934,
        0.2770076455059931,
        0.2757211789939692,
        0.2739023718907785,
        0.2692814495317874,
        0.2694957128884298,
        0.26621690148793653,
        0.2652782386957912,
        0.2640298337324037,
        0.26303893472645057,
        0.26293944326962104
    ],
    "track_loss_val": [
        0.8173976387689025,
        0.6604704838836571,
        0.5967149207159147,
        0.5028376161021527,
        0.48004366573407947,
        0.4506282875105009,
        0.41819633436134296,
        0.3898012462026448,
        0.3852941967568411,
        0.37003664861323166,
        0.3623665288219534,
        0.3381135439237188,
        0.3432670311642655,
        0.3588261347940401,
        0.3481480760945367,
        0.32727610644071176,
        0.32024033221628206,
        0.31818896763949983,
        0.31221270861818057,
        0.3172252296714343,
        0.3198307920945137,
        0.30026560970273414,
        0.3072100320363938,
        0.3035770995214968,
        0.30309196460659293,
        0.2937501400537381,
        0.30079193396080467,
        0.2843117360079323,
        0.2882600791258496,
        0.2990642700999202,
        0.28966950648799755,
        0.2998526273268444,
        0.2869718886847455,
        0.29579612084527523,
        0.2950106072923979,
        0.30087535873441945,
        0.29194923522492994,
        0.2991713227902778,
        0.2883211444279646,
        0.2823484685991271
    ],
    "min_votes": 0,
    "augmentation": true,
    "data_type": "eeg_spec",
    "num_parameters": 1092454,
    "num_trainable_parameters": 1092454,
    "configs": {
        "n_epochs": 40,
        "path_model_out": "C:/Users/Amy/Desktop/Green_Git/eegClassification/models/model_CustomCNN_eeg_small_2.pt",
        "learning_rate": [
            0.0002,
            0.00063,
            0.00106,
            0.00149,
            0.00192,
            0.0019169032292681706,
            0.0019076330008192066,
            0.0018922494356418797,
            0.001870852302059524,
            0.0018435803686941772,
            0.0018106105044988154,
            0.0017721565316943242,
            0.0017284678390503438,
            0.0016798277645034016,
            0.0016265517576016675,
            0.0015689853336935855,
            0.001507501833128254,
            0.0014425,
            0.0013744013961399168,
            0.0013036476671256217,
            0.0012306976780402125,
            0.0011560245375561225,
            0.0010801125296438334,
            0.0010034539728044915,
            0.0009265460271955086,
            0.0008498874703561665,
            0.000773975462443878,
            0.000699302321959788,
            0.0006263523328743787,
            0.0005555986038600832,
            0.0004874999999999998,
            0.00042249816687174634,
            0.0003610146663064148,
            0.00030344824239833263,
            0.0002501722354965987,
            0.00020153216094965658,
            0.00015784346830567615,
            0.00011938949550118464,
            8.641963130582286e-05,
            5.9147697940476065e-05
        ],
        "label_smoothing": 0
    },
    "test_loss": 1.0253947993177315,
    "test_loss_baseline": 1.0842595902639767,
    "confusion_matrix": [
        [
            2675,
            206,
            379,
            108,
            228,
            584
        ],
        [
            396,
            351,
            440,
            129,
            275,
            815
        ],
        [
            1407,
            345,
            1638,
            25,
            440,
            944
        ],
        [
            699,
            242,
            183,
            239,
            740,
            934
        ],
        [
            610,
            167,
            290,
            200,
            1499,
            1004
        ],
        [
            986,
            321,
            249,
            134,
            456,
            1649
        ]
    ],
    "confusion_matrix_p": [
        [
            0.6399521531100478,
            0.049282296650717705,
            0.09066985645933015,
            0.02583732057416268,
            0.05454545454545454,
            0.1397129186602871
        ],
        [
            0.16458852867830423,
            0.14588528678304238,
            0.1828761429758936,
            0.05361596009975062,
            0.1142975893599335,
            0.33873649210307566
        ],
        [
            0.29318608043342365,
            0.07188997707855803,
            0.3413211085642842,
            0.005209418628881017,
            0.0916857678683059,
            0.1967076474265472
        ],
        [
            0.23016134343101746,
            0.07968389858412908,
            0.06025683240039513,
            0.07869608165953243,
            0.24366150806717154,
            0.30754033585775437
        ],
        [
            0.16180371352785147,
            0.04429708222811671,
            0.07692307692307693,
            0.05305039787798409,
            0.3976127320954907,
            0.2663129973474801
        ],
        [
            0.25981554677206853,
            0.08458498023715415,
            0.06561264822134387,
            0.03530961791831357,
            0.12015810276679842,
            0.4345191040843215
        ]
    ]
}