{"track_loss": [1.6925087354958561, 1.5958023647783846, 1.5484355264661909, 1.51427607203379, 1.4913433579048936, 1.4652605242224195, 1.4438613512411, 1.4237207344121316, 1.4082920783685542, 1.3891526545557666], "track_loss_val": [1.707497283524158, 1.647570460917903, 1.6420270985248042, 1.6500462658265058, 1.6441246719921336, 1.6641641602796666, 1.6646736860275269, 1.6464902396295584, 1.6445615735708499, 1.6607683008792353], "min_votes": 0, "augmentation": false, "data_type": "eeg_spec", "num_parameters": 1092454, "num_trainable_parameters": 1092454, "configs": {"n_epochs": 10, "path_model_out": "C:\\Users\\Amy\\Desktop\\Green_Git\\eegClassification\\models/model_CustomCNN_eeg_small_1.pt", "learning_rate": [0.0002, 0.00063, 0.00106, 0.00149, 0.00192, 0.0018624064528505427, 0.001696572443178624, 0.0014425, 0.0011308340096719187, 0.0007991659903280816], "label_smoothing": 0.01, "loss_type": "cross_entropy"}, "model_name": "CustomCNN_eeg_small", "input_shape": [1, 140, 129]}