{"track_loss": [1.6779365470282028, 1.5828936218433327, 1.5165279424402796, 1.4799023708005654, 1.4614118452706735, 1.4333606641093704, 1.4114590819572441, 1.393838242380666, 1.3758997464693923, 1.3606897340048778], "track_loss_val": [1.7029446396173216, 1.6640721797943114, 1.6854726552963257, 1.6560425833159802, 1.660889240807178, 1.661267305355446, 1.6595445520737593, 1.6584144975624833, 1.657262160731297, 1.653904014007718], "min_votes": 0, "augmentation": false, "data_type": "eeg_spec", "num_parameters": 1092454, "num_trainable_parameters": 1092454, "configs": {"n_epochs": 10, "path_model_out": "C:\\Users\\Amy\\Desktop\\Green_Git\\eegClassification\\models/model_CustomCNN_eeg_small_8.pt", "learning_rate": [0.0002, 0.00063, 0.00106, 0.00149, 0.00192, 0.0018624064528505427, 0.001696572443178624, 0.0014425, 0.0011308340096719187, 0.0007991659903280816], "label_smoothing": 0, "loss_type": "cross_entropy"}, "model_name": "CustomCNN_eeg_small", "input_shape": [1, 140, 129]}