{"track_loss": [1.6257350907908927, 1.5396796771948287, 1.4990475875010594, 1.4732811302589857, 1.4629714158799152, 1.4414219404296051, 1.4151931266990496, 1.3935106388956522, 1.369948221710946, 1.3548594477365343], "track_loss_val": [1.6765189689748428, 1.6679794844459086, 1.6728798927045336, 1.6492819977741615, 1.6895340793273028, 1.66298974869298, 1.6677431887271357, 1.6656771500905354, 1.6724735227285648, 1.6690303292928959], "min_votes": 0, "augmentation": true, "data_type": "eeg_spec", "num_parameters": 1092454, "num_trainable_parameters": 1092454, "configs": {"n_epochs": 10, "path_model_out": "C:\\Users\\Amy\\Desktop\\Green_Git\\eegClassification\\models/model_CustomCNN_eeg_small_7.pt", "learning_rate": [0.0002, 0.00063, 0.00106, 0.00149, 0.00192, 0.0018624064528505427, 0.001696572443178624, 0.0014425, 0.0011308340096719187, 0.0007991659903280816], "label_smoothing": 0.01, "loss_type": "cross_entropy"}, "model_name": "CustomCNN_eeg_small", "input_shape": [1, 140, 129]}