{
    "track_loss": [
        0.8915163058657182,
        0.7532708069121037,
        0.6580322547802524,
        0.5891318463895721,
        0.542032187630122,
        0.49884526729019835,
        0.47084258392439093,
        0.44668063143569564,
        0.4266619510885219,
        0.4100894120609072,
        0.39547740964812833,
        0.3842121285008392,
        0.373306488965408,
        0.3659486211801094,
        0.3569550485180139,
        0.3462000782746917,
        0.34042640671824775,
        0.3365616411703763,
        0.32815279265338787,
        0.3219779636658016,
        0.31423379658468514,
        0.3094887408791788,
        0.3062051526476103,
        0.29986278604197975,
        0.2948147992734765,
        0.2919521209842886,
        0.28643433514245864,
        0.2830058208251744,
        0.2802662673629221,
        0.27626520674411376,
        0.2718267919691306,
        0.2706754571047163,
        0.2657746034432044,
        0.26434827389419363,
        0.2602556332198651,
        0.26005596658364716,
        0.25715613857179515,
        0.2562722395136318,
        0.25625233381789253,
        0.25438890224824906
    ],
    "track_loss_val": [
        0.8337510540800275,
        0.6783826211713395,
        0.5838151902522681,
        0.5064425358232462,
        0.47419387124619394,
        0.449473637342453,
        0.42887710164178094,
        0.4114747330827533,
        0.393318820224618,
        0.3944823297689546,
        0.38688667574018804,
        0.3905442215361685,
        0.35827101311593684,
        0.3371342305867177,
        0.34523904093031615,
        0.32804732249592833,
        0.3358142744820073,
        0.32343086476595895,
        0.3148444411327254,
        0.2906406484122546,
        0.31131744784004284,
        0.3100464201198434,
        0.29416370695492006,
        0.2996241575704431,
        0.2868296022685069,
        0.30330425067892613,
        0.276243686226179,
        0.2785357674900091,
        0.2684656158370792,
        0.26827586321335917,
        0.27070745538990454,
        0.2717105483109096,
        0.2676652506274997,
        0.2637390854223719,
        0.26654598875990454,
        0.2657311762841243,
        0.2643277206510868,
        0.2638406685500775,
        0.2624058166202509,
        0.2638230173655276
    ],
    "min_votes": 0,
    "augmentation": false,
    "data_type": "eeg_spec",
    "num_parameters": 1092898,
    "num_trainable_parameters": 1092898,
    "configs": {
        "n_epochs": 40,
        "path_model_out": "C:/Users/Amy/Desktop/Green_Git/eegClassification/models/model_CustomCNN_eeg_1.pt",
        "learning_rate": [
            0.0002,
            0.00063,
            0.00106,
            0.00149,
            0.00192,
            0.0019169032292681706,
            0.0019076330008192066,
            0.0018922494356418797,
            0.001870852302059524,
            0.0018435803686941772,
            0.0018106105044988154,
            0.0017721565316943242,
            0.0017284678390503438,
            0.0016798277645034016,
            0.0016265517576016675,
            0.0015689853336935855,
            0.001507501833128254,
            0.0014425,
            0.0013744013961399168,
            0.0013036476671256217,
            0.0012306976780402125,
            0.0011560245375561225,
            0.0010801125296438334,
            0.0010034539728044915,
            0.0009265460271955086,
            0.0008498874703561665,
            0.000773975462443878,
            0.000699302321959788,
            0.0006263523328743787,
            0.0005555986038600832,
            0.0004874999999999998,
            0.00042249816687174634,
            0.0003610146663064148,
            0.00030344824239833263,
            0.0002501722354965987,
            0.00020153216094965658,
            0.00015784346830567615,
            0.00011938949550118464,
            8.641963130582286e-05,
            5.9147697940476065e-05
        ],
        "label_smoothing": 0.01
    },
    "test_loss": 1.057522829838617,
    "confusion_matrix": [
        [
            2665,
            145,
            199,
            89,
            238,
            844
        ],
        [
            250,
            417,
            316,
            107,
            244,
            1072
        ],
        [
            1265,
            400,
            1524,
            57,
            275,
            1278
        ],
        [
            535,
            206,
            165,
            316,
            802,
            1013
        ],
        [
            562,
            240,
            272,
            344,
            1457,
            895
        ],
        [
            678,
            258,
            199,
            122,
            509,
            2029
        ]
    ],
    "confusion_matrix_p": [
        [
            0.6375598086124402,
            0.034688995215311005,
            0.04760765550239234,
            0.021291866028708133,
            0.056937799043062204,
            0.20191387559808613
        ],
        [
            0.10390689941812137,
            0.17331670822942644,
            0.1313383208645054,
            0.04447215295095595,
            0.10141313383208644,
            0.4455527847049044
        ],
        [
            0.26359658262137947,
            0.08335069806209627,
            0.3175661596165868,
            0.011877474473848718,
            0.05730360491769119,
            0.26630548030839757
        ],
        [
            0.17616068488640105,
            0.06783009548896937,
            0.054329930852815275,
            0.10405004939084624,
            0.26407639117550213,
            0.33355284820546593
        ],
        [
            0.14907161803713528,
            0.0636604774535809,
            0.07214854111405836,
            0.09124668435013263,
            0.38647214854111406,
            0.23740053050397877
        ],
        [
            0.17865612648221343,
            0.06798418972332015,
            0.05243741765480896,
            0.03214756258234519,
            0.13412384716732542,
            0.5346508563899868
        ]
    ]
}