{
    "track_loss": [
        1.2670253816661097,
        1.0291595054378813,
        0.8756660684637708,
        0.7796736800860707,
        0.7095255422700782,
        0.6404811956480587,
        0.589765827109982,
        0.5472469507018635,
        0.5101790869426076,
        0.4742869992734088,
        0.4562958316678067,
        0.4326799374099201,
        0.4085986049069359,
        0.39073235998121103,
        0.3800405449910696,
        0.3659047256976977,
        0.34961052795613273,
        0.33748876135414446,
        0.32458499311586175,
        0.31559330377736233,
        0.3070288301532524,
        0.29806504016720897,
        0.2855677703790078,
        0.2784362105071409,
        0.2713036176691294,
        0.27009971575612085,
        0.256609950528601,
        0.25331281047475634,
        0.24556951776384492,
        0.24084051162140244,
        0.23823360677867925,
        0.22969066261702084,
        0.22334736936931457,
        0.22300232863711333,
        0.22240590730126192,
        0.21914730518038017,
        0.2125578399467577,
        0.21368080876547002,
        0.2090540281698481,
        0.21010565146769913
    ],
    "track_loss_val": [
        1.1964197126301852,
        0.9599440536715768,
        0.8002935046499425,
        0.711519184437665,
        0.6601247088475661,
        0.6007021096619692,
        0.5432623857801611,
        0.48372124460610477,
        0.4980987256223505,
        0.43164580274711956,
        0.4277182053435932,
        0.4081805711442774,
        0.38637579029256647,
        0.37210663651878184,
        0.34190977120941335,
        0.35613808564164423,
        0.33799645494331015,
        0.32369335171851243,
        0.32312301221218975,
        0.28946986469355496,
        0.2865533454851671,
        0.27148626893758776,
        0.2640337200327353,
        0.261611736769026,
        0.26887834045020015,
        0.25651261847127566,
        0.255416115982966,
        0.25459100793708456,
        0.24412854747338728,
        0.2322668282823129,
        0.23755625228990207,
        0.22700726728547704,
        0.22561936988071962,
        0.22889365824786098,
        0.2275849851694974,
        0.219709766859358,
        0.21938153193755583,
        0.22051740248094906,
        0.21986887793649326,
        0.2165422718633305
    ],
    "min_votes": 5,
    "augmentation": false,
    "data_type": "eeg_spec",
    "num_parameters": 1092898,
    "num_trainable_parameters": 1092898,
    "configs": {
        "n_epochs": 40,
        "path_model_out": "C:/Users/Amy/Desktop/Green_Git/eegClassification/models/model_CustomCNN_eeg_4.pt",
        "learning_rate": [
            0.0002,
            0.00063,
            0.00106,
            0.00149,
            0.00192,
            0.0019169032292681706,
            0.0019076330008192066,
            0.0018922494356418797,
            0.001870852302059524,
            0.0018435803686941772,
            0.0018106105044988154,
            0.0017721565316943242,
            0.0017284678390503438,
            0.0016798277645034016,
            0.0016265517576016675,
            0.0015689853336935855,
            0.001507501833128254,
            0.0014425,
            0.0013744013961399168,
            0.0013036476671256217,
            0.0012306976780402125,
            0.0011560245375561225,
            0.0010801125296438334,
            0.0010034539728044915,
            0.0009265460271955086,
            0.0008498874703561665,
            0.000773975462443878,
            0.000699302321959788,
            0.0006263523328743787,
            0.0005555986038600832,
            0.0004874999999999998,
            0.00042249816687174634,
            0.0003610146663064148,
            0.00030344824239833263,
            0.0002501722354965987,
            0.00020153216094965658,
            0.00015784346830567615,
            0.00011938949550118464,
            8.641963130582286e-05,
            5.9147697940476065e-05
        ],
        "label_smoothing": 0
    },
    "test_loss": 1.6312098438569973,
    "confusion_matrix": [
        [
            805,
            408,
            710,
            89,
            116,
            2052
        ],
        [
            11,
            467,
            341,
            58,
            58,
            1471
        ],
        [
            88,
            531,
            2336,
            28,
            74,
            1742
        ],
        [
            12,
            307,
            128,
            316,
            161,
            2113
        ],
        [
            63,
            264,
            469,
            187,
            375,
            2412
        ],
        [
            54,
            312,
            224,
            83,
            138,
            2984
        ]
    ],
    "confusion_matrix_p": [
        [
            0.19258373205741627,
            0.09760765550239234,
            0.16985645933014354,
            0.021291866028708133,
            0.027751196172248804,
            0.4909090909090909
        ],
        [
            0.00457190357439734,
            0.1940980881130507,
            0.14172901080631753,
            0.024106400665004156,
            0.024106400665004156,
            0.6113881961762261
        ],
        [
            0.01833715357366118,
            0.1106480516774328,
            0.4867680766826422,
            0.005834548864346739,
            0.01541987914148781,
            0.36299229006042927
        ],
        [
            0.003951267698386566,
            0.10108659861705631,
            0.0421468554494567,
            0.10405004939084624,
            0.053012841620019756,
            0.6957523872242345
        ],
        [
            0.016710875331564987,
            0.070026525198939,
            0.12440318302387268,
            0.04960212201591512,
            0.09946949602122016,
            0.6397877984084881
        ],
        [
            0.014229249011857707,
            0.08221343873517786,
            0.05902503293807641,
            0.021870882740447958,
            0.03636363636363636,
            0.7862977602108037
        ]
    ]
}