{"track_loss": [1.698119162973775, 1.6328106252855845, 1.6032176594928378, 1.5801600015541009, 1.5638813961684974, 1.5425246449617238, 1.4866582427628978, 1.4562293396276587, 1.4359366607881778, 1.4235235207221086], "track_loss_val": [1.8059256160960477, 1.8081469297409059, 1.8125767029967963, 1.8125671662536322, 1.8310308769637462, 1.7801651075774547, 1.8163307545231837, 1.806258607378193, 1.7947433167812872, 1.800911613071666], "min_votes": 5, "augmentation": false, "data_type": "eeg_spec", "num_parameters": 1092454, "num_trainable_parameters": 1092454, "configs": {"n_epochs": 10, "path_model_out": "C:\\Users\\Amy\\Desktop\\Green_Git\\eegClassification\\models/model_CustomCNN_eeg_small_12.pt", "learning_rate": [0.0002, 0.00063, 0.00106, 0.00149, 0.00192, 0.0018624064528505427, 0.001696572443178624, 0.0014425, 0.0011308340096719187, 0.0007991659903280816], "label_smoothing": 0, "loss_type": "cross_entropy"}, "model_name": "CustomCNN_eeg_small", "input_shape": [1, 140, 129]}